{
  "services": [
    {
      "id": 1,
      "name": "Displaytausch",
      "description": "Professioneller Austausch Ihres kaputten Displays mit Originalteilen",
      "price": "ab 30€",
      "images": ["/images/services/display-2.jpg", "/images/services/display-3.jpg"],
      "icon": "📱"
    },
    {
      "id": 2, 
      "name": "Akkutausch",
      "description": "Austausch des alten Akkus für verlängerte Batterielaufzeit",
      "price": "ab 25€",
      "images": ["/images/services/akku-2.jpg", "/images/services/akku-3.jpg"],
      "icon": "🔋"
    },
    {
      "id": 3,
      "name": "Kameratausch", 
      "description": "Reparatur und Austausch der Front- oder Rückkamera",
      "price": "ab 35€",
      "images": ["/images/services/kamera-2.jpg", "/images/services/kamera-3.jpg"],
      "icon": "📸"
    },
    {
      "id": 4,
      "name": "Panzerglas",
      "description": "Hochwertiges Panzerglas für optimalen Displayschutz",
      "price": "ab 15€",
      "images": ["/images/services/glass-2.jpg", "/images/services/glass-3.jpg"],
      "icon": "🛡️"
    },
    {
      "id": 5,
      "name": "Handyhülle",
      "description": "Stylische und schützende Hüllen für alle Modelle",
      "price": "ab 10€",
      "images": ["/images/services/case-2.jpg", "/images/services/case-3.jpg"],
      "icon": "📞"
    }
  ],
  "team": [
    {
      "id": 1,
      "name": "Masood Ramazan",
      "position": "Geschäftsführer",
      "image": "/images/team1.jpg"
    },
    {
      "id": 2,
      "name": "Maqsod Ramazan", 
      "position": "Techniker",
      "image": "/images/team2.jpg"
    },
    {
      "id": 3,
      "name": "Jawid Arefi",
      "position": "Verkäufer",
      "image": "/images/team3.jpg"
    },
    {
      "id": 4,
      "name": "Maksy Habi",
      "position": "Marketing",
      "image": "/images/team4.jpg"
    }
  ],
  "locations": [
    {
      "id": 1,
      "address": "Babelsberger Str. 16, 14473 Potsdam"
    },
    {
      "id": 2,
      "address": "Auf dem Strengfeld 6, 14542 Werder (Havel)"
    }
  ],
  "companyInfo": {
    "name": "Dr. Phone Potsdam",
    "phone": "+49 123 4567 1221",
    "email": "info@dr-phone-potsdam.de",
    "address": "Babelsberger Str. 16, 14473 Potsdam",
    "openingHours": {
      "weekdays": "9:00 - 18:00",
      "saturday": "10:00 - 16:00", 
      "sunday": "Geschlossen"
    }
  }
}